{"mean":{"confidence_interval":{"confidence_level":0.95,"lower_bound":1162899493.0925,"upper_bound":1201491868.13},"point_estimate":1179408131.5,"standard_error":9786465.914813776},"median":{"confidence_interval":{"confidence_level":0.95,"lower_bound":1160833218.0,"upper_bound":1202986321.0},"point_estimate":1166948504.5,"standard_error":8213676.705094923},"median_abs_dev":{"confidence_interval":{"confidence_level":0.95,"lower_bound":1285770.0011730194,"upper_bound":49761436.954557896},"point_estimate":6205709.0729266405,"standard_error":9091033.127284344},"slope":null,"std_dev":{"confidence_interval":{"confidence_level":0.95,"lower_bound":4742122.51748162,"upper_bound":41172388.308381535},"point_estimate":32621204.999367785,"standard_error":9929420.155304002}}