{"mean":{"confidence_interval":{"confidence_level":0.95,"lower_bound":12008517.3058125,"upper_bound":12307591.3505625},"point_estimate":12135549.995,"standard_error":77569.95729489971},"median":{"confidence_interval":{"confidence_level":0.95,"lower_bound":11969379.25,"upper_bound":12059698.5},"point_estimate":12000053.125,"standard_error":18974.75143744291},"median_abs_dev":{"confidence_interval":{"confidence_level":0.95,"lower_bound":172239.56934213638,"upper_bound":291455.247900635},"point_estimate":249461.3449461758,"standard_error":33278.44877735108},"slope":null,"std_dev":{"confidence_interval":{"confidence_level":0.95,"lower_bound":226220.83895316324,"upper_bound":1198487.4736350193},"point_estimate":777001.282686643,"standard_error":263038.75375613105}}