{"mean":{"confidence_interval":{"confidence_level":0.95,"lower_bound":1310061570.5,"upper_bound":1320351275.3774998},"point_estimate":1315128790.3,"standard_error":2631231.21727583},"median":{"confidence_interval":{"confidence_level":0.95,"lower_bound":1311828859.0,"upper_bound":1320419532.0},"point_estimate":1314314108.0,"standard_error":1799429.449234897},"median_abs_dev":{"confidence_interval":{"confidence_level":0.95,"lower_bound":987774.8194634914,"upper_bound":15042176.15634799},"point_estimate":3224555.6085526943,"standard_error":3696942.843083686},"slope":null,"std_dev":{"confidence_interval":{"confidence_level":0.95,"lower_bound":2337746.54823505,"upper_bound":12110279.820095638},"point_estimate":8762837.389969733,"standard_error":2261896.995469386}}