{"mean":{"confidence_interval":{"confidence_level":0.95,"lower_bound":1283301775.0525,"upper_bound":1298549462.1074998},"point_estimate":1290747900.8,"standard_error":3908110.2503238157},"median":{"confidence_interval":{"confidence_level":0.95,"lower_bound":1279807908.5,"upper_bound":1301519009.0},"point_estimate":1290023599.5,"standard_error":4760597.461586743},"median_abs_dev":{"confidence_interval":{"confidence_level":0.95,"lower_bound":3155393.802380562,"upper_bound":24975569.29319501},"point_estimate":10059942.681500316,"standard_error":5657599.2777048815},"slope":null,"std_dev":{"confidence_interval":{"confidence_level":0.95,"lower_bound":6830091.6014814405,"upper_bound":16337741.730124753},"point_estimate":13016057.800477438,"standard_error":2423257.4746588534}}