{"mean":{"confidence_interval":{"confidence_level":0.95,"lower_bound":37721504.965277776,"upper_bound":41436214.76020833},"point_estimate":39272657.29527778,"standard_error":990218.4768371248},"median":{"confidence_interval":{"confidence_level":0.95,"lower_bound":37531785.5,"upper_bound":40338034.1875},"point_estimate":37982718.16666667,"standard_error":595445.8193674807},"median_abs_dev":{"confidence_interval":{"confidence_level":0.95,"lower_bound":108970.93333204465,"upper_bound":3430695.196942985},"point_estimate":659973.033990628,"standard_error":776031.484527153},"slope":{"confidence_interval":{"confidence_level":0.95,"lower_bound":37867888.4863919,"upper_bound":40900944.048387095},"point_estimate":38864310.61298701,"standard_error":798958.5488331434},"std_dev":{"confidence_interval":{"confidence_level":0.95,"lower_bound":406208.2707244129,"upper_bound":4755746.754767005},"point_estimate":3305414.8265936617,"standard_error":1243392.859923092}}