{"mean":{"confidence_interval":{"confidence_level":0.95,"lower_bound":-0.018279925742323917,"upper_bound":0.0038005024241557295},"point_estimate":-0.007317515126619267,"standard_error":0.005783997962255678},"median":{"confidence_interval":{"confidence_level":0.95,"lower_bound":-0.021174867969792732,"upper_bound":-0.003091815407417209},"point_estimate":-0.012480947218644456,"standard_error":0.0046387859184730765}}