{"mean":{"confidence_interval":{"confidence_level":0.95,"lower_bound":464821815.9,"upper_bound":487055422.0},"point_estimate":473828173.6,"standard_error":5953591.804938629},"median":{"confidence_interval":{"confidence_level":0.95,"lower_bound":461956148.5,"upper_bound":476506157.5},"point_estimate":468667197.0,"standard_error":3990376.0242935712},"median_abs_dev":{"confidence_interval":{"confidence_level":0.95,"lower_bound":1935308.1691414118,"upper_bound":16760178.906047344},"point_estimate":7930922.4475979805,"standard_error":3977014.105369564},"slope":null,"std_dev":{"confidence_interval":{"confidence_level":0.95,"lower_bound":4671299.7844917895,"upper_bound":29811798.038812127},"point_estimate":19854234.806318175,"standard_error":8122257.067177309}}