{"mean":{"confidence_interval":{"confidence_level":0.95,"lower_bound":33021491.982875,"upper_bound":33752352.33175},"point_estimate":33368511.24,"standard_error":187244.67242843387},"median":{"confidence_interval":{"confidence_level":0.95,"lower_bound":32690356.0,"upper_bound":33372506.5},"point_estimate":32931519.75,"standard_error":183217.29029986003},"median_abs_dev":{"confidence_interval":{"confidence_level":0.95,"lower_bound":883870.1361581683,"upper_bound":1399668.3997896686},"point_estimate":1143690.2217954397,"standard_error":127405.77313907802},"slope":null,"std_dev":{"confidence_interval":{"confidence_level":0.95,"lower_bound":1273350.3020109457,"upper_bound":2398271.567029557},"point_estimate":1883529.6232950902,"standard_error":288571.2340008315}}