{"mean":{"confidence_interval":{"confidence_level":0.95,"lower_bound":524992112.14750004,"upper_bound":535641515.775},"point_estimate":529533537.3,"standard_error":2773476.226462719},"median":{"confidence_interval":{"confidence_level":0.95,"lower_bound":524513892.5,"upper_bound":532360811.0},"point_estimate":526496929.5,"standard_error":1914004.9433436014},"median_abs_dev":{"confidence_interval":{"confidence_level":0.95,"lower_bound":300314.7093683481,"upper_bound":10608222.977766395},"point_estimate":3776906.383046508,"standard_error":2987173.3860103027},"slope":null,"std_dev":{"confidence_interval":{"confidence_level":0.95,"lower_bound":2644564.5523685515,"upper_bound":13471290.1941107},"point_estimate":9229128.808039686,"standard_error":3264162.5079642427}}