{"mean":{"confidence_interval":{"confidence_level":0.95,"lower_bound":4806653.1127499975,"upper_bound":4983471.59517857},"point_estimate":4886870.497142856,"standard_error":45386.32676012314},"median":{"confidence_interval":{"confidence_level":0.95,"lower_bound":4729015.357142857,"upper_bound":4815816.285714285},"point_estimate":4771183.5,"standard_error":23193.53967896373},"median_abs_dev":{"confidence_interval":{"confidence_level":0.95,"lower_bound":107655.92598872536,"upper_bound":187679.68316801995},"point_estimate":145278.06522079848,"standard_error":20152.432183024113},"slope":null,"std_dev":{"confidence_interval":{"confidence_level":0.95,"lower_bound":246778.981631464,"upper_bound":616912.4072116321},"point_estimate":455189.8657911511,"standard_error":94451.01841129764}}