{"mean":{"confidence_interval":{"confidence_level":0.95,"lower_bound":1286343247.1,"upper_bound":1299654464.9725},"point_estimate":1293650092.2,"standard_error":3439301.736131746},"median":{"confidence_interval":{"confidence_level":0.95,"lower_bound":1285671446.5,"upper_bound":1302939486.0},"point_estimate":1297449817.0,"standard_error":3690758.618456416},"median_abs_dev":{"confidence_interval":{"confidence_level":0.95,"lower_bound":1094797.781163454,"upper_bound":17362270.909658074},"point_estimate":8281532.878473401,"standard_error":4056012.005974488},"slope":null,"std_dev":{"confidence_interval":{"confidence_level":0.95,"lower_bound":3957000.229245341,"upper_bound":15159946.732129151},"point_estimate":11446290.114255592,"standard_error":2985477.0358385486}}