{"mean":{"confidence_interval":{"confidence_level":0.95,"lower_bound":-0.03555975832999029,"upper_bound":0.02768087212263684},"point_estimate":-0.005284239204655927,"standard_error":0.016134369749564826},"median":{"confidence_interval":{"confidence_level":0.95,"lower_bound":-0.06554771300656703,"upper_bound":0.035439036341722074},"point_estimate":0.0021494759126965413,"standard_error":0.0315305704671013}}