{"mean":{"confidence_interval":{"confidence_level":0.95,"lower_bound":-0.027410570481505622,"upper_bound":-0.004594581521711963},"point_estimate":-0.01552742638846849,"standard_error":0.0058061794416403145},"median":{"confidence_interval":{"confidence_level":0.95,"lower_bound":-0.016016696317678325,"upper_bound":-0.005872745149203214},"point_estimate":-0.012061164464319596,"standard_error":0.0026023232810600417}}