{"mean":{"confidence_interval":{"confidence_level":0.95,"lower_bound":64745816.44861112,"upper_bound":65111615.98182637},"point_estimate":64934362.516865075,"standard_error":94093.02032183472},"median":{"confidence_interval":{"confidence_level":0.95,"lower_bound":64672611.66666667,"upper_bound":65203614.23611111},"point_estimate":64999923.75,"standard_error":152153.60769524562},"median_abs_dev":{"confidence_interval":{"confidence_level":0.95,"lower_bound":62958.649065591424,"upper_bound":503769.0126863078},"point_estimate":353260.76365336776,"standard_error":114290.70837482814},"slope":{"confidence_interval":{"confidence_level":0.95,"lower_bound":64838446.90520645,"upper_bound":65186280.769154176},"point_estimate":65041408.868831165,"standard_error":88138.67866917602},"std_dev":{"confidence_interval":{"confidence_level":0.95,"lower_bound":185428.40253613223,"upper_bound":383719.7829495659},"point_estimate":313834.02053951565,"standard_error":50823.47547900565}}