{"mean":{"confidence_interval":{"confidence_level":0.95,"lower_bound":33242642.174500003,"upper_bound":33847868.8695},"point_estimate":33538708.75,"standard_error":154326.99416667176},"median":{"confidence_interval":{"confidence_level":0.95,"lower_bound":32961297.0,"upper_bound":33362109.0},"point_estimate":33139560.0,"standard_error":105873.77387755192},"median_abs_dev":{"confidence_interval":{"confidence_level":0.95,"lower_bound":918925.1005858183,"upper_bound":1652826.1722564697},"point_estimate":1278018.9685106277,"standard_error":189564.93434206472},"slope":null,"std_dev":{"confidence_interval":{"confidence_level":0.95,"lower_bound":1276770.5461883647,"upper_bound":1803009.8062381365},"point_estimate":1554373.5329872223,"standard_error":134557.0606567411}}