{"mean":{"confidence_interval":{"confidence_level":0.95,"lower_bound":543224193.035,"upper_bound":551506499.3625001},"point_estimate":547531423.1,"standard_error":2130273.9516467447},"median":{"confidence_interval":{"confidence_level":0.95,"lower_bound":541189286.0,"upper_bound":553842691.0},"point_estimate":548925689.5,"standard_error":3456804.2731964197},"median_abs_dev":{"confidence_interval":{"confidence_level":0.95,"lower_bound":1395692.1871215105,"upper_bound":11537198.62357378},"point_estimate":7484591.655921936,"standard_error":2873586.28576367},"slope":null,"std_dev":{"confidence_interval":{"confidence_level":0.95,"lower_bound":3904255.734719494,"upper_bound":8588195.584845947},"point_estimate":7070010.898592141,"standard_error":1170557.9190641013}}