{"mean":{"confidence_interval":{"confidence_level":0.95,"lower_bound":-0.01747558405390117,"upper_bound":0.012937788433080466},"point_estimate":-0.0010361748360927514,"standard_error":0.007832130948060005},"median":{"confidence_interval":{"confidence_level":0.95,"lower_bound":-0.01060478019073785,"upper_bound":0.01659188917410881},"point_estimate":0.004036787691341637,"standard_error":0.007388860080382539}}