{"mean":{"confidence_interval":{"confidence_level":0.95,"lower_bound":479354102.4,"upper_bound":485978073.3},"point_estimate":482578635.0,"standard_error":1696936.3463967666},"median":{"confidence_interval":{"confidence_level":0.95,"lower_bound":476699531.0,"upper_bound":487184240.0},"point_estimate":482462065.0,"standard_error":2771560.1535399756},"median_abs_dev":{"confidence_interval":{"confidence_level":0.95,"lower_bound":393811.911508441,"upper_bound":9868642.06559658},"point_estimate":6715526.278075576,"standard_error":2495599.1531496323},"slope":null,"std_dev":{"confidence_interval":{"confidence_level":0.95,"lower_bound":3321736.8145059124,"upper_bound":6978297.679329709},"point_estimate":5646494.069518832,"standard_error":954057.898728244}}