{"mean":{"confidence_interval":{"confidence_level":0.95,"lower_bound":4918254.102399998,"upper_bound":5062290.351199999},"point_estimate":4983789.123999998,"standard_error":36835.13084597278},"median":{"confidence_interval":{"confidence_level":0.95,"lower_bound":4848102.5,"upper_bound":4910042.8},"point_estimate":4875110.9,"standard_error":13549.115730542884},"median_abs_dev":{"confidence_interval":{"confidence_level":0.95,"lower_bound":95732.66638040447,"upper_bound":178507.70551085446},"point_estimate":144753.3519101147,"standard_error":21277.4175231565},"slope":null,"std_dev":{"confidence_interval":{"confidence_level":0.95,"lower_bound":212594.97806383026,"upper_bound":520131.05168048816},"point_estimate":372033.72817472403,"standard_error":80153.68150913445}}