{"mean":{"confidence_interval":{"confidence_level":0.95,"lower_bound":33097322.495625,"upper_bound":33672789.595125},"point_estimate":33368477.84,"standard_error":146899.12084232405},"median":{"confidence_interval":{"confidence_level":0.95,"lower_bound":32835034.0,"upper_bound":33380313.0},"point_estimate":33053394.0,"standard_error":137695.05251285897},"median_abs_dev":{"confidence_interval":{"confidence_level":0.95,"lower_bound":696146.1351646858,"upper_bound":1167591.957271099},"point_estimate":905645.8232715726,"standard_error":116347.36294145077},"slope":null,"std_dev":{"confidence_interval":{"confidence_level":0.95,"lower_bound":956899.6774579814,"upper_bound":1975255.654124943},"point_estimate":1477514.8451618003,"standard_error":267015.51673309243}}