{"mean":{"confidence_interval":{"confidence_level":0.95,"lower_bound":2267.1360268936583,"upper_bound":2297.437001890303},"point_estimate":2281.762954502352,"standard_error":7.764192602196908},"median":{"confidence_interval":{"confidence_level":0.95,"lower_bound":2251.6456584231382,"upper_bound":2279.5963855421687},"point_estimate":2266.6038666797094,"standard_error":7.604585984609192},"median_abs_dev":{"confidence_interval":{"confidence_level":0.95,"lower_bound":44.20283935145852,"upper_bound":76.35170926329423},"point_estimate":63.47408241167138,"standard_error":8.0572618811608},"slope":{"confidence_interval":{"confidence_level":0.95,"lower_bound":2268.7127134102534,"upper_bound":2308.2036345802926},"point_estimate":2286.743065366238,"standard_error":10.113655692174532},"std_dev":{"confidence_interval":{"confidence_level":0.95,"lower_bound":59.94350388865577,"upper_bound":95.32868097880078},"point_estimate":77.88408400836524,"standard_error":9.069115952869806}}