{"mean":{"confidence_interval":{"confidence_level":0.95,"lower_bound":1279016546.7,"upper_bound":1300279939.75},"point_estimate":1287944903.1,"standard_error":5547046.511406829},"median":{"confidence_interval":{"confidence_level":0.95,"lower_bound":1275821160.0,"upper_bound":1290205689.5},"point_estimate":1286447490.5,"standard_error":3594470.0581783964},"median_abs_dev":{"confidence_interval":{"confidence_level":0.95,"lower_bound":1410540.4258579016,"upper_bound":20084770.72392404},"point_estimate":6335125.965929031,"standard_error":5029388.4878582},"slope":null,"std_dev":{"confidence_interval":{"confidence_level":0.95,"lower_bound":5324960.640601981,"upper_bound":27397021.942032732},"point_estimate":18493729.736446436,"standard_error":6897159.776305872}}