{"mean":{"confidence_interval":{"confidence_level":0.95,"lower_bound":468887355.1,"upper_bound":474116282.8825},"point_estimate":471509726.8,"standard_error":1330063.6559405976},"median":{"confidence_interval":{"confidence_level":0.95,"lower_bound":468929222.0,"upper_bound":475304110.0},"point_estimate":470794057.0,"standard_error":1570560.5279978113},"median_abs_dev":{"confidence_interval":{"confidence_level":0.95,"lower_bound":685838.145723939,"upper_bound":7703791.096830368},"point_estimate":4314475.635802746,"standard_error":1810063.7096077392},"slope":null,"std_dev":{"confidence_interval":{"confidence_level":0.95,"lower_bound":2288786.7081594598,"upper_bound":5784697.315259495},"point_estimate":4428980.0459718285,"standard_error":894609.8995274863}}