{"mean":{"confidence_interval":{"confidence_level":0.95,"lower_bound":-0.03340335517918144,"upper_bound":-0.007939286335329072},"point_estimate":-0.02111226914512576,"standard_error":0.006557098659955631},"median":{"confidence_interval":{"confidence_level":0.95,"lower_bound":-0.03837207054348912,"upper_bound":-0.010272772626952364},"point_estimate":-0.02709377722094386,"standard_error":0.007239192788965111}}