{"mean":{"confidence_interval":{"confidence_level":0.95,"lower_bound":2289.5166350272234,"upper_bound":2343.333030247752},"point_estimate":2312.4497373581808,"standard_error":13.865986992076037},"median":{"confidence_interval":{"confidence_level":0.95,"lower_bound":2269.5885307541644,"upper_bound":2300.2799156118244},"point_estimate":2286.4508562206793,"standard_error":6.466469310965663},"median_abs_dev":{"confidence_interval":{"confidence_level":0.95,"lower_bound":37.23530893795104,"upper_bound":65.3209786367199},"point_estimate":46.043351171548835,"standard_error":7.372929972896433},"slope":{"confidence_interval":{"confidence_level":0.95,"lower_bound":2270.3883905531056,"upper_bound":2295.914623000582},"point_estimate":2282.219763595024,"standard_error":6.525137381727506},"std_dev":{"confidence_interval":{"confidence_level":0.95,"lower_bound":56.873850450807645,"upper_bound":217.55291614820717},"point_estimate":139.78752366949664,"standard_error":46.900483146336704}}