{"mean":{"confidence_interval":{"confidence_level":0.95,"lower_bound":1208519058.0525,"upper_bound":1217519640.94},"point_estimate":1213138923.2,"standard_error":2296740.1009777677},"median":{"confidence_interval":{"confidence_level":0.95,"lower_bound":1208268687.5,"upper_bound":1219290145.5},"point_estimate":1213283729.5,"standard_error":2771753.7020248105},"median_abs_dev":{"confidence_interval":{"confidence_level":0.95,"lower_bound":1543959.5974892378,"upper_bound":13417006.366934497},"point_estimate":6543211.096134782,"standard_error":2974669.1054911437},"slope":null,"std_dev":{"confidence_interval":{"confidence_level":0.95,"lower_bound":3979106.138198166,"upper_bound":10045081.140505692},"point_estimate":7635757.935269786,"standard_error":1586217.9667377966}}