{"mean":{"confidence_interval":{"confidence_level":0.95,"lower_bound":-0.016533377346417934,"upper_bound":0.02286459056517415},"point_estimate":0.0016783903073425144,"standard_error":0.00993622183172896},"median":{"confidence_interval":{"confidence_level":0.95,"lower_bound":-0.02203645623641326,"upper_bound":-0.0008907567693392515},"point_estimate":-0.010898430517257807,"standard_error":0.005526403106944785}}