{"mean":{"confidence_interval":{"confidence_level":0.95,"lower_bound":-0.09990686903282758,"upper_bound":-0.056149826642357674},"point_estimate":-0.07540922625852153,"standard_error":0.011334540758617034},"median":{"confidence_interval":{"confidence_level":0.95,"lower_bound":-0.08650402945294422,"upper_bound":-0.05280660784117919},"point_estimate":-0.07064616271676849,"standard_error":0.009746242317822038}}