{"mean":{"confidence_interval":{"confidence_level":0.95,"lower_bound":-0.022965868228145076,"upper_bound":-0.005924870860153736},"point_estimate":-0.014583807245142189,"standard_error":0.004322163479868223},"median":{"confidence_interval":{"confidence_level":0.95,"lower_bound":-0.026969945501635915,"upper_bound":-0.006552905939851139},"point_estimate":-0.01804449604836389,"standard_error":0.005381100680450739}}