{"mean":{"confidence_interval":{"confidence_level":0.95,"lower_bound":0.010656483020456686,"upper_bound":0.06606954089662484},"point_estimate":0.0340612837408234,"standard_error":0.014203987371427008},"median":{"confidence_interval":{"confidence_level":0.95,"lower_bound":0.0029714255132289313,"upper_bound":0.04480191868540473},"point_estimate":0.026206266183832927,"standard_error":0.010977757729480194}}