{"mean":{"confidence_interval":{"confidence_level":0.95,"lower_bound":-0.015767008640962126,"upper_bound":0.0020740884036821706},"point_estimate":-0.007411159404224765,"standard_error":0.004577076759466037},"median":{"confidence_interval":{"confidence_level":0.95,"lower_bound":-0.012399291900248355,"upper_bound":0.0016003173276784022},"point_estimate":-0.005608874028931621,"standard_error":0.0033482442528141912}}