{"mean":{"confidence_interval":{"confidence_level":0.95,"lower_bound":4831158.161785715,"upper_bound":4898370.562392855},"point_estimate":4861207.438571429,"standard_error":17250.128033992143},"median":{"confidence_interval":{"confidence_level":0.95,"lower_bound":4824727.714285715,"upper_bound":4855137.571428572},"point_estimate":4843849.428571428,"standard_error":7505.599913620822},"median_abs_dev":{"confidence_interval":{"confidence_level":0.95,"lower_bound":69908.82475887045,"upper_bound":131117.22337220277},"point_estimate":106771.34330442933,"standard_error":15290.051545208991},"slope":null,"std_dev":{"confidence_interval":{"confidence_level":0.95,"lower_bound":97730.21321211083,"upper_bound":255514.2793815298},"point_estimate":173353.13207523312,"standard_error":46411.67852500673}}