{"mean":{"confidence_interval":{"confidence_level":0.95,"lower_bound":-0.0015556745096991236,"upper_bound":0.034983112035700176},"point_estimate":0.015284190878599224,"standard_error":0.009004754659690507},"median":{"confidence_interval":{"confidence_level":0.95,"lower_bound":-0.009259692195952665,"upper_bound":0.005532547833773993},"point_estimate":-0.002383079937054222,"standard_error":0.0035319238839912987}}