{"mean":{"confidence_interval":{"confidence_level":0.95,"lower_bound":1342869425.255,"upper_bound":1353496216.9},"point_estimate":1347782646.1,"standard_error":2724240.7236299706},"median":{"confidence_interval":{"confidence_level":0.95,"lower_bound":1340488534.0,"upper_bound":1353409492.0},"point_estimate":1345287992.5,"standard_error":4018916.8279937804},"median_abs_dev":{"confidence_interval":{"confidence_level":0.95,"lower_bound":236034.36360955238,"upper_bound":16377929.050433636},"point_estimate":10031837.775099277,"standard_error":3713662.6568781133},"slope":null,"std_dev":{"confidence_interval":{"confidence_level":0.95,"lower_bound":4612885.038215815,"upper_bound":12102266.461922465},"point_estimate":9084110.43097797,"standard_error":2109620.8383402927}}