{"mean":{"confidence_interval":{"confidence_level":0.95,"lower_bound":3238667.5200000005,"upper_bound":3323343.907033334},"point_estimate":3275407.5013333345,"standard_error":21755.023540446517},"median":{"confidence_interval":{"confidence_level":0.95,"lower_bound":3214778.4,"upper_bound":3236959.6666666665},"point_estimate":3229566.6,"standard_error":5764.955239468246},"median_abs_dev":{"confidence_interval":{"confidence_level":0.95,"lower_bound":41298.82302179968,"upper_bound":76210.13586699944},"point_estimate":58320.936324596085,"standard_error":8494.309374254437},"slope":null,"std_dev":{"confidence_interval":{"confidence_level":0.95,"lower_bound":84464.37891858301,"upper_bound":326200.48464577436},"point_estimate":217571.30316657847,"standard_error":62575.084727361405}}