{"mean":{"confidence_interval":{"confidence_level":0.95,"lower_bound":2215.2180617794716,"upper_bound":2244.8137951612166},"point_estimate":2228.485165907415,"standard_error":7.552271686388789},"median":{"confidence_interval":{"confidence_level":0.95,"lower_bound":2218.649071874725,"upper_bound":2233.752454473476},"point_estimate":2224.043774544588,"standard_error":4.070842473307296},"median_abs_dev":{"confidence_interval":{"confidence_level":0.95,"lower_bound":29.61916655964496,"upper_bound":55.27603193436312},"point_estimate":41.31956847334361,"standard_error":6.404558171955315},"slope":{"confidence_interval":{"confidence_level":0.95,"lower_bound":2213.5476764164914,"upper_bound":2233.528388388658},"point_estimate":2223.320437381775,"standard_error":5.096392195070051},"std_dev":{"confidence_interval":{"confidence_level":0.95,"lower_bound":43.23390173815044,"upper_bound":112.91264759408439},"point_estimate":75.95448321151903,"standard_error":21.298613517957932}}