{"mean":{"confidence_interval":{"confidence_level":0.95,"lower_bound":32663038.866875,"upper_bound":33180985.6415},"point_estimate":32903873.76,"standard_error":132361.8231410945},"median":{"confidence_interval":{"confidence_level":0.95,"lower_bound":32443226.5,"upper_bound":32856532.0},"point_estimate":32656862.0,"standard_error":99759.70798100797},"median_abs_dev":{"confidence_interval":{"confidence_level":0.95,"lower_bound":595672.7163746953,"upper_bound":1050431.7182511091},"point_estimate":775922.0320746303,"standard_error":115732.38388976664},"slope":null,"std_dev":{"confidence_interval":{"confidence_level":0.95,"lower_bound":844626.1543230875,"upper_bound":1811831.41135262},"point_estimate":1331279.4304109034,"standard_error":253245.89673294226}}