{"mean":{"confidence_interval":{"confidence_level":0.95,"lower_bound":-0.05988719048656877,"upper_bound":-0.024746924715511744},"point_estimate":-0.03902094120713917,"standard_error":0.009267771927225688},"median":{"confidence_interval":{"confidence_level":0.95,"lower_bound":-0.034843945651312436,"upper_bound":-0.025016913039729638},"point_estimate":-0.0291185102432423,"standard_error":0.002576700796598707}}