{"mean":{"confidence_interval":{"confidence_level":0.95,"lower_bound":464190731.4375,"upper_bound":472583051.9675},"point_estimate":467918294.3,"standard_error":2170842.7485036077},"median":{"confidence_interval":{"confidence_level":0.95,"lower_bound":463234375.5,"upper_bound":472286331.0},"point_estimate":465255968.0,"standard_error":2323931.2220816836},"median_abs_dev":{"confidence_interval":{"confidence_level":0.95,"lower_bound":491060.8328819275,"upper_bound":10423215.998750925},"point_estimate":3283236.174210906,"standard_error":2560350.157027475},"slope":null,"std_dev":{"confidence_interval":{"confidence_level":0.95,"lower_bound":2259550.8017083067,"upper_bound":9971862.986109912},"point_estimate":7224722.596677037,"standard_error":2067137.1015831013}}