{"mean":{"confidence_interval":{"confidence_level":0.95,"lower_bound":-0.04343038792419644,"upper_bound":-0.02020645965316786},"point_estimate":-0.03135647625485416,"standard_error":0.005929351153921501},"median":{"confidence_interval":{"confidence_level":0.95,"lower_bound":-0.028988423976317623,"upper_bound":-0.016528928465517678},"point_estimate":-0.022982720732850126,"standard_error":0.003139830283796401}}