{"mean":{"confidence_interval":{"confidence_level":0.95,"lower_bound":-0.023810024369181133,"upper_bound":-0.010230710206701172},"point_estimate":-0.01703545760223235,"standard_error":0.003485515598941318},"median":{"confidence_interval":{"confidence_level":0.95,"lower_bound":-0.026653222661314646,"upper_bound":-0.008782037359524764},"point_estimate":-0.02088065700447983,"standard_error":0.0049328987346131436}}