{"mean":{"confidence_interval":{"confidence_level":0.95,"lower_bound":-0.11801498831091468,"upper_bound":-0.013190799293242874},"point_estimate":-0.0625730994016036,"standard_error":0.02713543868823479},"median":{"confidence_interval":{"confidence_level":0.95,"lower_bound":-0.09527023610867458,"upper_bound":0.004159848045000691},"point_estimate":-0.05117070026466375,"standard_error":0.032532173895948376}}