{"mean":{"confidence_interval":{"confidence_level":0.95,"lower_bound":4736136.497214286,"upper_bound":4788122.561785714},"point_estimate":4761033.442857143,"standard_error":13268.46043100001},"median":{"confidence_interval":{"confidence_level":0.95,"lower_bound":4715204.571428571,"upper_bound":4760582.428571428},"point_estimate":4732740.285714285,"standard_error":14281.186607386891},"median_abs_dev":{"confidence_interval":{"confidence_level":0.95,"lower_bound":71452.63493146196,"upper_bound":127347.92473912239},"point_estimate":95838.9687985175,"standard_error":14398.524557920402},"slope":null,"std_dev":{"confidence_interval":{"confidence_level":0.95,"lower_bound":101188.9353348021,"upper_bound":163243.70602294532},"point_estimate":133043.37347956077,"standard_error":15925.142533771586}}