{"mean":{"confidence_interval":{"confidence_level":0.95,"lower_bound":13473534.301749997,"upper_bound":13642335.421416664},"point_estimate":13556311.58,"standard_error":43134.83756594576},"median":{"confidence_interval":{"confidence_level":0.95,"lower_bound":13400537.333333334,"upper_bound":13572382.833333332},"point_estimate":13483314.0,"standard_error":46614.69409173962},"median_abs_dev":{"confidence_interval":{"confidence_level":0.95,"lower_bound":268508.9863330135,"upper_bound":471156.18693530286},"point_estimate":381266.8918311596,"standard_error":50706.473339156044},"slope":null,"std_dev":{"confidence_interval":{"confidence_level":0.95,"lower_bound":356049.04458748014,"upper_bound":504263.4385000458},"point_estimate":433232.9896853432,"standard_error":37897.75067931033}}