{"mean":{"confidence_interval":{"confidence_level":0.95,"lower_bound":448491688.7,"upper_bound":450854272.92249995},"point_estimate":449677042.25,"standard_error":606200.8097311648},"median":{"confidence_interval":{"confidence_level":0.95,"lower_bound":448513107.75,"upper_bound":451383753.5},"point_estimate":449255835.5,"standard_error":688144.1547080679},"median_abs_dev":{"confidence_interval":{"confidence_level":0.95,"lower_bound":130485.10628342628,"upper_bound":3704688.197028637},"point_estimate":1580774.0374356508,"standard_error":915815.1934259004},"slope":null,"std_dev":{"confidence_interval":{"confidence_level":0.95,"lower_bound":1069045.4467413628,"upper_bound":2615215.0278272973},"point_estimate":2010955.7178754066,"standard_error":397847.6322552275}}