{"mean":{"confidence_interval":{"confidence_level":0.95,"lower_bound":436833284.9,"upper_bound":443017762.0},"point_estimate":439805370.6,"standard_error":1587771.9080900685},"median":{"confidence_interval":{"confidence_level":0.95,"lower_bound":435614594.0,"upper_bound":443797626.0},"point_estimate":438354295.5,"standard_error":2232313.8422502247},"median_abs_dev":{"confidence_interval":{"confidence_level":0.95,"lower_bound":863736.0578656197,"upper_bound":8918425.209966302},"point_estimate":6247381.251686811,"standard_error":1996772.153468589},"slope":null,"std_dev":{"confidence_interval":{"confidence_level":0.95,"lower_bound":2850985.7142910953,"upper_bound":6770339.294824123},"point_estimate":5279650.814441787,"standard_error":1037429.3212254179}}