{"mean":{"confidence_interval":{"confidence_level":0.95,"lower_bound":466441129.3275,"upper_bound":484795629.58750004},"point_estimate":474184889.5,"standard_error":4844440.265341951},"median":{"confidence_interval":{"confidence_level":0.95,"lower_bound":465947070.5,"upper_bound":482229440.5},"point_estimate":467230160.5,"standard_error":3497879.8383091153},"median_abs_dev":{"confidence_interval":{"confidence_level":0.95,"lower_bound":350589.67447578907,"upper_bound":21407927.448633313},"point_estimate":2617274.505034089,"standard_error":3958800.8492968143},"slope":null,"std_dev":{"confidence_interval":{"confidence_level":0.95,"lower_bound":1369001.631234803,"upper_bound":21832614.23953352},"point_estimate":16045926.262692798,"standard_error":5595637.262810223}}