{"mean":{"confidence_interval":{"confidence_level":0.95,"lower_bound":13832473.666666675,"upper_bound":14130414.162},"point_estimate":13973713.14666666,"standard_error":76016.10769145442},"median":{"confidence_interval":{"confidence_level":0.95,"lower_bound":13665746.666666666,"upper_bound":13955224.0},"point_estimate":13764833.833333332,"standard_error":66260.3149877636},"median_abs_dev":{"confidence_interval":{"confidence_level":0.95,"lower_bound":380590.5791431675,"upper_bound":646838.6005163197},"point_estimate":484729.1425943398,"standard_error":65170.494421318916},"slope":null,"std_dev":{"confidence_interval":{"confidence_level":0.95,"lower_bound":545909.6083198726,"upper_bound":973929.8795172402},"point_estimate":764098.4755265563,"standard_error":110262.64276291363}}