{"mean":{"confidence_interval":{"confidence_level":0.95,"lower_bound":-0.11291221475382512,"upper_bound":-0.024169305659335987},"point_estimate":-0.06650011028387848,"standard_error":0.022816416673496702},"median":{"confidence_interval":{"confidence_level":0.95,"lower_bound":-0.11797276391373857,"upper_bound":-0.013020953670094149},"point_estimate":-0.029492007521201624,"standard_error":0.024716157334966238}}