{"mean":{"confidence_interval":{"confidence_level":0.95,"lower_bound":13667937.514375001,"upper_bound":13878191.135},"point_estimate":13771027.845,"standard_error":53611.10694814845},"median":{"confidence_interval":{"confidence_level":0.95,"lower_bound":13648353.25,"upper_bound":13784025.5},"point_estimate":13732016.75,"standard_error":40374.5446946412},"median_abs_dev":{"confidence_interval":{"confidence_level":0.95,"lower_bound":388100.5657598376,"upper_bound":637506.4985319972},"point_estimate":495175.7891088724,"standard_error":63051.01104890979},"slope":null,"std_dev":{"confidence_interval":{"confidence_level":0.95,"lower_bound":439273.7442617542,"upper_bound":639570.3058725343},"point_estimate":539282.069167443,"standard_error":51508.36775529578}}