{"mean":{"confidence_interval":{"confidence_level":0.95,"lower_bound":1198328837.5,"upper_bound":1210271396.3},"point_estimate":1204643258.7,"standard_error":3070171.535514674},"median":{"confidence_interval":{"confidence_level":0.95,"lower_bound":1199158646.0,"upper_bound":1212856941.0},"point_estimate":1205427150.0,"standard_error":3207218.322974423},"median_abs_dev":{"confidence_interval":{"confidence_level":0.95,"lower_bound":2269956.187400222,"upper_bound":16763762.350183725},"point_estimate":9078748.382019997,"standard_error":3631287.797854875},"slope":null,"std_dev":{"confidence_interval":{"confidence_level":0.95,"lower_bound":4801057.132197751,"upper_bound":13836989.978706269},"point_estimate":10240937.462149428,"standard_error":2480217.0213028775}}