{"mean":{"confidence_interval":{"confidence_level":0.95,"lower_bound":446834908.9925,"upper_bound":449318005.25},"point_estimate":448071422.8,"standard_error":634113.3536700067},"median":{"confidence_interval":{"confidence_level":0.95,"lower_bound":446259546.0,"upper_bound":449964612.0},"point_estimate":448038105.0,"standard_error":1141243.9961796661},"median_abs_dev":{"confidence_interval":{"confidence_level":0.95,"lower_bound":383370.7011938095,"upper_bound":3354767.175140977},"point_estimate":2724173.6696362495,"standard_error":788436.848081613},"slope":null,"std_dev":{"confidence_interval":{"confidence_level":0.95,"lower_bound":1347122.729928498,"upper_bound":2552900.1026137727},"point_estimate":2117328.667189747,"standard_error":308369.51661388454}}