{"mean":{"confidence_interval":{"confidence_level":0.95,"lower_bound":506436970.2875,"upper_bound":513338329.3},"point_estimate":509682338.7,"standard_error":1770543.1103645558},"median":{"confidence_interval":{"confidence_level":0.95,"lower_bound":505443019.0,"upper_bound":514022822.0},"point_estimate":507757635.5,"standard_error":2498270.351459319},"median_abs_dev":{"confidence_interval":{"confidence_level":0.95,"lower_bound":24778.693360090256,"upper_bound":10302094.252601266},"point_estimate":5173583.757850528,"standard_error":2405521.9102989235},"slope":null,"std_dev":{"confidence_interval":{"confidence_level":0.95,"lower_bound":3023917.2362271324,"upper_bound":7697983.310010603},"point_estimate":5889843.1658878485,"standard_error":1257407.0312354292}}